year,quantity
2019,2.969270723166828
2020,inf
2021,0.03887512350276935
2022,0.0022400705658618732
