year,quarter,quantity
2019,1,0.012658574987495102
2019,2,0.009318032835350413
2019,3,0.010389935651672786
2019,4,2.9369041796923097
2020,1,5.123960937056563
2020,2,0.8694624358392927
2020,3,inf
2020,4,0.016092845572974423
2021,1,0.01211599576171072
2021,2,0.007929206722642771
2021,3,0.011728652645893168
2021,4,0.007101268372522696
2022,1,5.66614558978509e-05
2022,2,1.6883116883116883e-06
2022,4,0.0021817207982757106
